{"scene":"Laboratorio","posicion":{"x":-60.49707794189453,"y":0.9899996519088745,"z":-16.293607711791993}}